Excused_Absences,Unexcused_Absences,Consecutive_Absences,Missed_Homework_Ratio,Is_Dropout
3,1,0,0.2491,0
1,0,0,0.2309,0
0,1,1,0.2574,0
0,0,0,0.0893,0
2,2,0,0.5539,0
1,1,1,0.45,0
1,0,0,0.1695,1
2,1,2,0.5037,0
0,0,0,0.0755,0
1,1,2,0.4011,1
0,1,1,0.6794,1
0,0,0,0.1902,0
0,0,0,0.0844,0
1,2,0,0.4281,0
0,2,2,0.8715,1
4,0,0,0.3439,0
2,0,0,0.1219,1
0,0,0,0.0678,0
0,4,3,0.9788,1
3,3,3,0.6956,1
0,0,0,0.25,0
0,0,0,0.0259,0
5,1,0,0.1071,0
0,4,2,0.4829,1
1,1,1,0.3528,1
0,5,2,0.8366,1
1,2,3,0.4164,1
4,0,0,0.45,0
3,0,1,0.0717,0
1,0,0,0.1161,0
3,0,0,0.1099,0
2,0,0,0.416,0
4,0,0,0.3256,0
0,4,4,0.6659,1
1,1,1,0.1356,0
2,0,0,0.0846,0
1,5,1,0.7874,1
1,0,0,0.0265,0
0,0,0,0.1324,0
3,1,2,0.3699,0
1,0,0,0.189,0
0,0,0,0.25,0
0,0,0,0.0391,0
2,0,0,0.0534,0
0,1,1,0.55,0
1,1,1,0.4295,0
1,3,3,0.6059,1
1,0,0,0.0226,0
1,3,1,0.4811,1
0,0,0,0.2994,0
4,1,0,0.05,0
5,3,0,0.269,1
1,0,0,0.0251,0
1,2,2,0.4376,1
0,0,0,0.1114,0
1,2,3,0.8479,1
1,0,1,0.1895,0
3,0,0,0.05,0
1,5,5,0.965,1
1,0,0,0.05,0
5,0,0,0.2291,0
0,0,0,0.0454,0
1,1,0,0.45,0
1,0,0,0.1271,0
0,0,0,0.25,0
1,1,0,0.0626,0
1,1,1,0.3362,0
0,0,0,0.4755,0
1,3,0,0.55,0
1,0,0,0.0407,0
0,2,0,0.426,0
3,2,2,0.9606,1
2,2,2,0.8904,1
2,0,1,0.1336,1
1,0,0,0.0302,0
3,0,1,0.2716,0
5,3,2,0.3802,1
0,2,2,0.8345,1
2,1,2,0.661,0
1,4,0,0.4134,0
0,2,0,0.2301,0
2,1,0,0.3186,0
2,1,1,0.1142,0
1,0,0,0.2987,0
1,0,1,0.4031,0
0,0,0,0.0572,0
0,3,2,0.6472,1
1,0,0,0.294,0
3,1,0,0.4429,0
1,5,3,0.8009,1
1,1,0,0.0711,0
0,1,0,0.05,1
2,4,0,0.8345,1
0,2,1,0.2938,1
5,2,1,0.5026,0
2,0,0,0.0889,0
0,5,2,0.8369,1
3,3,2,0.85,1
0,1,0,0.1516,0
1,2,0,0.0523,0
2,3,2,0.6662,1
0,0,0,0.0548,0
4,1,0,0.3865,0
4,1,2,0.4851,0
1,0,0,0.1497,0
3,0,0,0.1115,1
0,3,1,0.3215,0
3,0,0,0.25,0
1,0,0,0.0144,0
2,0,0,0.1908,0
1,2,3,0.8582,1
0,0,0,0.02,0
1,4,2,0.8684,1
1,6,2,0.3805,1
0,0,0,0.1036,0
2,2,2,0.4074,1
0,0,0,0.079,0
1,0,0,0.0287,0
2,2,1,0.55,0
3,2,0,0.1517,0
1,5,2,0.835,1
1,1,2,0.3469,0
5,0,0,0.05,0
1,2,1,0.4891,0
3,0,1,0.1637,0
2,2,1,0.5324,1
0,1,0,0.2561,0
4,0,0,0.2577,0
3,2,0,0.1602,0
1,1,0,0.0981,1
3,2,2,0.6509,1
1,4,0,0.23,1
2,0,1,0.2006,0
2,1,0,0.2921,0
3,0,2,0.2563,0
0,1,0,0.2492,0
0,0,0,0.1771,0
5,0,0,0.1641,0
4,0,1,0.3104,0
1,2,3,0.6056,1
3,1,2,0.5089,1
2,3,1,0.1297,0
0,2,2,0.3791,1
1,5,5,0.8521,1
0,2,1,0.3886,0
1,0,1,0.25,0
3,2,0,0.6704,1
3,4,3,0.3644,1
1,2,1,0.5861,1
1,0,1,0.0292,0
2,1,1,0.5266,1
0,7,2,0.7959,1
2,0,0,0.123,0
1,4,1,0.591,1
0,0,0,0.0773,0
3,1,1,0.2404,0
0,1,0,0.0224,0
1,6,6,0.7923,1
0,2,1,0.2721,0
0,6,4,0.8297,1
4,2,0,0.1344,0
1,1,0,0.2045,0
1,0,0,0.0297,0
0,1,1,0.0894,0
0,2,1,0.1319,0
3,1,2,0.3833,1
0,1,0,0.135,0
0,6,2,0.8761,1
0,3,3,0.85,1
1,0,0,0.1434,0
1,4,2,0.7605,1
3,8,4,0.8857,1
1,1,1,0.1657,0
4,1,0,0.3058,0
0,3,2,0.8801,1
2,2,0,0.0824,0
1,5,3,0.6696,1
1,0,1,0.0898,0
0,0,0,0.0914,0
0,1,0,0.2593,0
0,0,0,0.0663,0
0,2,2,0.8227,1
3,2,0,0.4203,0
3,5,2,0.7418,1
2,0,0,0.0381,0
2,0,0,0.1305,0
0,0,0,0.0491,0
2,2,2,0.5321,1
0,0,0,0.05,0
0,0,0,0.1405,0
1,1,0,0.1283,0
3,1,0,0.45,0
0,2,1,0.4636,0
0,0,0,0.1805,0
2,0,0,0.1639,0
1,6,3,0.6767,1
0,0,0,0.1267,0
2,1,2,0.62,1
2,1,0,0.45,0
0,0,0,0.2125,0
3,0,0,0.0527,0
0,1,1,0.2935,0
0,0,0,0.249,0
1,3,4,0.8712,1
1,1,2,0.507,0
2,2,0,0.3037,0
2,2,4,0.4768,1
0,4,2,0.4251,1
0,0,0,0.1023,0
2,2,2,0.7625,1
0,1,1,0.3013,1
5,0,0,0.1784,0
1,1,1,0.4034,1
2,3,1,0.6015,0
1,0,1,0.2129,0
1,0,0,0.16,0
0,1,0,0.1431,0
1,0,0,0.1719,0
1,1,1,0.1166,1
0,2,0,0.3799,1
1,4,0,0.4881,0
1,1,0,0.1727,0
1,0,1,0.1961,1
1,8,6,0.8036,1
2,2,0,0.1631,0
2,0,1,0.0965,0
0,0,0,0.1604,0
1,1,2,0.6741,1
4,0,0,0.4033,1
0,0,0,0.0375,0
1,2,1,0.0931,1
1,1,0,0.2242,1
0,4,2,0.5148,1
1,0,0,0.1641,0
0,0,0,0.0776,0
3,0,0,0.1103,0
0,0,0,0.0259,0
2,2,0,0.1764,1
1,3,0,0.4057,1
1,0,0,0.4084,0
1,1,1,0.4087,0
5,0,0,0.1758,0
2,3,1,0.4318,0
0,2,1,0.55,0
0,0,0,0.0699,0
0,0,0,0.2328,0
3,0,0,0.3514,0
1,0,0,0.0299,0
2,0,0,0.2725,0
3,4,2,0.4748,1
2,1,0,0.3541,0
0,1,0,0.2138,1
2,0,0,0.0943,0
2,0,0,0.4494,1
1,2,3,0.9526,1
0,2,2,0.985,1
0,1,1,0.4194,1
1,8,3,0.9223,1
2,4,4,0.3056,1
1,4,2,0.8016,1
2,2,0,0.1354,0
3,0,1,0.1993,0
0,0,0,0.25,0
1,2,0,0.1841,0
2,1,0,0.25,0
1,7,3,0.4865,1
0,2,2,0.6206,1
1,4,5,0.7197,1
1,2,3,0.9369,1
0,0,0,0.0474,0
1,2,0,0.1873,0
3,0,1,0.2218,0
2,3,1,0.5429,1
2,0,0,0.2478,0
1,0,0,0.289,0
2,0,0,0.0611,0
0,3,3,0.9437,1
3,0,0,0.45,0
2,1,0,0.05,0
1,0,0,0.0529,0
1,1,2,0.3864,0
5,2,1,0.2559,0
0,0,0,0.063,0
2,2,0,0.394,0
2,0,0,0.2665,0
1,0,1,0.3604,0
1,0,0,0.0359,0
0,4,2,0.9212,1
0,0,0,0.1507,1
0,1,0,0.0939,0
0,5,2,0.8808,1
2,3,5,0.5,1
3,0,0,0.5379,0
2,1,1,0.55,0
1,1,0,0.2257,0
0,4,3,0.5264,1
4,1,0,0.1127,0
2,5,4,0.7014,1
4,1,2,0.6661,1
1,1,0,0.0236,0
0,0,0,0.0381,0
1,0,0,0.3814,0
0,0,0,0.0297,0
3,2,2,0.3201,0
1,8,2,0.945,1
0,0,0,0.211,0
0,1,1,0.1182,0
3,4,0,0.1753,0
1,0,1,0.1941,0
2,0,0,0.1283,0
0,0,0,0.2464,0
0,1,0,0.2878,0
0,1,0,0.1805,0
0,4,1,0.3966,1
0,2,2,0.2148,1
3,2,1,0.6252,1
0,0,0,0.0768,0
0,4,2,0.9722,1
2,1,0,0.3233,0
0,3,0,0.4475,1
1,2,0,0.4422,0
2,0,0,0.1742,1
2,2,3,0.8435,1
3,3,1,0.5562,1
1,2,1,0.3618,0
2,3,1,0.422,1
0,0,0,0.1015,0
0,3,0,0.5776,1
0,3,3,0.6003,1
0,5,3,0.6345,1
2,0,1,0.119,0
1,1,0,0.1082,0
2,1,1,0.1645,0
6,1,1,0.0667,1
2,0,0,0.0858,0
1,2,3,0.7182,1
1,2,1,0.6336,1
0,1,1,0.55,0
1,2,1,0.7696,1
3,0,0,0.3222,0
3,4,1,0.7027,1
3,0,1,0.1216,0
5,0,0,0.3631,1
0,4,1,0.3337,1
0,0,0,0.0327,0
3,0,0,0.2096,1
0,7,2,0.7835,1
1,0,0,0.0473,0
0,1,0,0.55,0
0,0,0,0.1179,0
1,0,1,0.3361,0
0,1,1,0.3602,0
1,1,0,0.0181,0
0,6,4,0.4914,1
2,7,4,0.8295,1
1,0,0,0.1117,0
3,4,5,0.7555,1
1,0,0,0.1884,0
1,2,2,0.8672,1
2,2,0,0.412,0
0,2,2,0.8391,1
2,4,2,0.4471,1
2,0,2,0.2393,0
2,0,0,0.2307,0
1,1,0,0.1188,0
2,1,0,0.3687,0
1,1,0,0.1227,0
3,0,0,0.442,0
3,1,2,0.1097,1
1,1,1,0.3775,0
0,0,0,0.1025,0
0,0,0,0.006,0
1,4,0,0.2377,1
2,1,1,0.3716,0
1,0,0,0.0138,0
0,0,0,0.5353,0
3,1,0,0.2107,0
5,1,2,0.1368,1
0,0,0,0.1531,0
0,2,2,0.3441,1
0,1,0,0.0461,0
2,2,1,0.73,1
2,0,0,0.05,0
1,0,1,0.2258,1
0,0,0,0.0957,0
1,2,1,0.5221,1
0,0,0,0.413,0
3,2,0,0.05,0
1,0,0,0.1212,0
3,0,0,0.0919,0
3,1,1,0.4942,1
0,1,0,0.2535,0
1,0,0,0.1686,0
1,2,0,0.3005,0
2,3,1,0.3669,0
2,0,1,0.2594,0
0,0,0,0.0103,0
0,0,0,0.2099,0
1,1,1,0.2984,0
0,2,2,0.8254,1
3,0,0,0.1556,0
2,2,3,0.9375,1
4,1,1,0.3625,0
0,5,4,0.9583,1
0,2,2,0.9703,1
1,1,0,0.1809,0
1,0,0,0.123,0
0,5,5,0.7268,1
1,0,0,0.45,0
2,1,1,0.7168,1
0,1,0,0.5424,0
1,1,0,0.0737,0
1,2,0,0.4706,0
1,0,0,0.25,0
1,0,0,0.1109,0
1,1,2,0.1647,0
3,1,0,0.4899,1
0,0,0,0.1543,0
2,1,0,0.05,0
0,0,0,0.0831,0
1,1,0,0.0731,0
0,1,1,0.8139,1
1,0,1,0.278,0
3,0,0,0.3307,0
1,2,0,0.178,1
4,0,0,0.0576,0
1,1,0,0.2487,0
1,0,0,0.1342,0
0,0,0,0.0591,0
1,0,0,0.0192,0
2,5,1,0.5123,1
1,0,0,0.1395,0
1,7,3,0.7864,1
4,0,1,0.1098,0
2,0,0,0.2049,0
4,0,0,0.3056,0
1,0,1,0.55,0
1,0,1,0.5067,0
3,2,2,0.3865,1
1,2,1,0.35,0
0,0,0,0.0199,0
3,2,2,0.2646,0
1,4,3,0.3178,1
3,0,1,0.293,1
2,2,4,0.85,1
0,0,0,0.036,0
3,1,1,0.7233,1
1,6,3,0.7059,1
0,0,0,0.0952,0
1,3,3,0.25,1
1,3,4,0.9168,1
3,0,0,0.2099,0
0,4,2,0.813,1
1,0,1,0.219,0
0,2,1,0.3765,0
1,0,0,0.1079,0
3,0,0,0.111,0
0,0,0,0.0498,0
0,0,0,0.0995,0
0,0,0,0.0423,0
2,1,1,0.1797,0
1,0,1,0.25,0
0,0,0,0.1801,0
0,0,0,0.1014,0
3,3,0,0.3054,1
0,0,0,0.0705,0
4,1,0,0.1654,0
4,0,1,0.212,0
0,0,0,0.1274,0
2,1,1,0.6004,1
1,0,0,0.3792,0
3,3,2,0.25,1
2,4,0,0.479,1
1,0,0,0.1116,0
0,5,3,0.5,1
1,4,2,0.6126,1
1,1,2,0.7656,1
1,2,3,0.7405,1
1,0,0,0.289,0
1,0,0,0.3636,0
0,3,1,0.6917,1
0,0,0,0.1044,0
2,0,0,0.1779,0
2,2,0,0.6379,1
1,5,4,0.7998,1
2,5,2,0.6982,1
1,1,1,0.819,0
1,2,3,0.4702,1
1,0,0,0.0699,0
2,4,2,0.6574,1
2,0,1,0.1264,1
2,1,2,0.3273,0
0,3,3,0.7202,1
0,9,5,0.9447,1
0,1,0,0.3482,0
1,0,0,0.05,0
0,0,0,0.0728,0
2,5,3,0.7981,1
1,0,0,0.0502,0
0,2,2,0.5006,1
0,0,0,0.4706,0
0,0,0,0.0515,0
3,0,1,0.05,0
0,4,2,0.8475,1
1,0,0,0.2154,0
0,0,0,0.108,0
1,1,2,0.5089,1
4,0,0,0.2952,0
1,7,3,0.7071,1
1,0,0,0.3203,0
1,2,2,0.7291,1
2,0,0,0.0632,0
0,0,0,0.21,0
1,2,0,0.4547,0
2,0,0,0.3233,0
0,3,2,0.8752,1
3,1,0,0.2114,0
0,0,0,0.25,0
1,1,1,0.4908,0
1,3,0,0.3445,0
1,0,0,0.2196,0
2,0,0,0.2917,1
1,0,0,0.3229,0
1,0,0,0.276,0
1,0,1,0.05,0
2,2,1,0.1729,0
1,6,2,0.8165,1
1,1,2,0.6755,1
0,1,0,0.4659,0
0,2,0,0.5309,1
0,2,2,0.7689,1
3,0,0,0.05,0
4,0,0,0.2166,0
0,4,3,0.8532,1
1,0,0,0.25,0
1,4,1,0.2608,1
1,3,1,0.4588,0
1,3,2,0.7121,1
1,1,2,0.2936,0
2,0,1,0.0777,0
0,4,3,0.398,1
0,0,0,0.3735,0
0,0,0,0.0153,0
3,1,4,0.8175,1
1,1,0,0.1055,0
0,0,0,0.2909,0
1,1,0,0.051,0
2,2,1,0.4988,1
2,1,0,0.487,1
2,1,0,0.1406,0
4,0,0,0.18,0
1,4,1,0.8052,1
1,0,0,0.0996,0
0,0,0,0.4133,0
0,0,0,0.2011,0
4,4,2,0.4003,1
0,0,0,0.0905,0
0,0,0,0.0416,0
0,0,0,0.1404,0
0,0,0,0.2486,0
0,5,3,0.9104,1
4,3,1,0.3178,0
2,2,2,0.4525,1
3,1,1,0.2609,0
1,0,0,0.04,0
2,2,0,0.2997,0
2,0,0,0.0749,0
1,0,0,0.2885,0
0,1,0,0.2703,0
2,7,2,0.6637,1
3,0,0,0.2957,1
2,0,1,0.1925,0
0,9,6,0.8763,1
1,0,0,0.1469,0
3,5,2,0.6523,1
0,1,0,0.0189,0
1,0,0,0.238,0
1,0,0,0.1078,0
5,0,1,0.3504,1
0,0,0,0.1244,0
0,0,0,0.0186,0
0,1,0,0.247,0
1,5,5,0.6367,1
0,5,5,0.8472,1
0,0,0,0.0314,0
1,3,0,0.1518,1
3,2,2,0.5011,1
0,1,1,0.3329,0
4,0,0,0.3228,0
2,0,1,0.2803,0
0,5,5,0.8567,1
1,5,5,0.9783,1
2,1,2,0.3589,0
3,0,0,0.3655,0
0,1,0,0.25,0
0,0,0,0.1823,0
2,2,1,0.7105,1
0,0,0,0.0839,0
1,2,0,0.2733,1
1,2,0,0.268,0
0,0,0,0.1094,0
3,0,0,0.1112,0
0,0,0,0.1402,0
3,1,1,0.1252,0
2,0,0,0.0758,0
1,1,0,0.2531,1
1,0,1,0.2906,0
1,3,2,0.5498,1
0,3,3,0.6188,1
3,4,4,0.7826,1
0,7,6,0.8689,1
0,0,0,0.2206,0
1,4,5,0.889,1
1,1,1,0.23,0
1,0,1,0.351,0
0,4,4,0.8497,1
1,2,0,0.3759,0
2,1,0,0.2862,0
0,0,0,0.1834,1
0,0,0,0.0236,0
0,5,5,0.8971,1
0,1,0,0.25,0
3,2,1,0.2674,0
1,0,0,0.1951,0
0,4,3,0.9551,1
1,2,3,0.2592,1
0,0,0,0.1755,0
0,1,0,0.1961,0
0,1,0,0.4218,0
2,0,0,0.1246,0
0,0,0,0.0342,0
3,4,5,0.8355,1
0,7,5,0.8358,1
0,1,1,0.73,0
0,4,2,0.7617,1
1,0,1,0.1576,0
1,4,5,0.776,1
0,0,0,0.0795,0
1,5,4,0.8844,1
4,0,0,0.1336,0
2,3,1,0.0838,0
1,1,0,0.3312,0
2,0,0,0.267,1
1,3,1,0.5886,1
2,0,0,0.05,0
3,0,0,0.3276,0
0,6,2,0.7332,1
1,0,1,0.0646,0
6,2,0,0.1282,1
2,4,0,0.2513,0
4,1,1,0.14,1
0,0,0,0.1866,0
0,2,2,0.7687,1
0,6,3,0.7771,1
1,5,3,0.8034,1
2,7,3,0.4903,1
4,0,1,0.133,0
3,1,2,0.5953,1
5,0,1,0.218,0
0,4,3,0.8929,1
2,1,0,0.1222,0
1,6,3,0.6607,1
1,2,3,0.4857,1
0,0,0,0.25,0
0,0,0,0.25,0
2,1,0,0.6223,1
0,3,3,0.5148,1
1,0,0,0.161,0
1,3,1,0.4038,0
2,2,0,0.5204,0
4,1,2,0.6882,1
1,0,1,0.3599,0
3,0,0,0.1842,0
3,6,3,0.5874,1
5,0,0,0.05,0
1,4,4,0.6262,1
3,0,0,0.2041,0
2,0,0,0.1025,0
1,1,2,0.2621,1
4,0,1,0.2996,0
2,2,2,0.5426,0
1,3,1,0.4314,1
0,4,3,0.6627,1
3,1,1,0.1082,0
0,0,0,0.0203,0
1,2,3,0.4781,1
3,1,0,0.2396,1
4,2,0,0.25,0
0,2,1,0.4875,0
1,1,0,0.2229,0
3,3,2,0.3599,1
0,4,3,0.7066,1
1,0,0,0.2956,0
1,2,0,0.4261,1
1,3,4,0.7103,1
1,3,4,0.8427,1
3,7,1,0.5005,1
0,5,1,0.6669,1
2,1,0,0.4745,0
3,1,0,0.3812,0
1,0,0,0.1612,0
0,1,0,0.55,0
1,0,0,0.1691,0
1,5,1,0.2823,1
1,1,1,0.0063,0
3,3,2,0.5539,1
3,0,0,0.1799,0
0,0,0,0.0822,0
1,0,0,0.1682,0
2,3,2,0.6865,1
3,2,0,0.5075,1
0,1,1,0.2194,1
3,1,0,0.1991,1
1,1,0,0.1977,0
2,3,2,0.427,1
0,2,2,0.287,0
0,4,2,0.5597,1
1,1,1,0.1436,0
1,0,0,0.3035,0
2,1,0,0.4324,0
1,0,0,0.1805,0
1,0,0,0.1718,0
3,4,3,0.5124,1
0,0,0,0.1687,0
2,2,0,0.1253,0
2,2,2,0.1438,0
0,0,0,0.25,0
2,3,1,0.4396,0
3,2,0,0.5775,1
1,1,0,0.1583,0
2,4,5,0.8451,1
2,1,1,0.0945,0
0,0,0,0.1001,0
0,4,4,0.874,1
1,0,0,0.3731,0
2,5,6,0.857,1
0,0,0,0.0763,0
1,0,1,0.2376,0
4,0,0,0.1246,0
0,8,4,0.7561,1
7,1,1,0.05,0
1,0,1,0.1371,0
1,0,0,0.0407,0
0,1,0,0.2592,1
1,7,7,0.9506,1
0,1,0,0.25,0
0,0,0,0.297,1
0,3,3,0.9346,1
1,0,0,0.3275,0
1,0,0,0.0816,0
0,3,3,0.6585,1
2,0,0,0.0532,0
2,0,0,0.2308,1
0,0,0,0.3693,1
2,0,0,0.3848,0
0,9,2,0.7474,1
3,0,0,0.1501,0
0,0,0,0.25,0
1,6,1,0.6264,1
5,0,1,0.0712,0
3,1,0,0.3233,0
1,9,4,0.9089,1
0,1,0,0.1269,0
1,3,2,0.7177,1
0,2,2,0.7659,1
6,1,2,0.1626,0
0,3,2,0.3474,1
1,4,4,0.7176,1
4,3,1,0.3738,1
0,3,1,0.5508,0
2,0,0,0.1966,1
2,0,0,0.4465,0
2,5,0,0.3802,1
2,3,0,0.2583,0
2,0,0,0.1997,0
3,0,0,0.45,0
1,0,0,0.05,0
0,2,2,0.6528,1
2,0,0,0.1292,0
3,0,0,0.0423,0
1,0,0,0.232,0
1,1,1,0.2825,1
1,4,2,0.4359,1
2,0,0,0.2205,1
2,0,0,0.2188,0
1,0,0,0.1593,0
0,3,3,0.7434,1
3,2,0,0.5593,1
1,5,0,0.4719,1
3,0,0,0.3456,0
0,1,0,0.7031,1
4,2,0,0.103,0
0,0,0,0.0126,0
0,0,0,0.0434,0
2,2,0,0.3199,0
3,0,0,0.1717,0
1,3,2,0.6375,1
7,0,0,0.45,0
0,2,2,0.7829,1
2,5,2,0.25,1
0,0,0,0.1459,1
2,3,2,0.6477,1
0,2,0,0.4351,1
0,0,0,0.0311,0
2,0,0,0.1668,1
0,1,1,0.725,1
4,1,0,0.4151,1
1,1,0,0.033,0
4,0,1,0.3555,0
0,0,0,0.0799,0
0,1,0,0.2313,0
0,3,3,0.7073,1
3,3,2,0.7181,1
2,0,0,0.3295,0
4,1,1,0.3487,0
1,4,3,0.8481,1
2,7,0,0.8163,1
0,0,0,0.0285,0
0,1,1,0.7542,1
1,0,0,0.1564,0
1,5,2,0.7498,1
1,0,0,0.0249,0
0,3,3,0.521,1
0,0,0,0.174,0
1,2,1,0.7768,1
2,2,0,0.1256,1
1,4,2,0.6117,1
1,1,0,0.3179,0
1,1,1,0.1234,1
1,0,0,0.1112,0
1,4,4,0.5777,1
3,0,0,0.151,0
4,0,0,0.1227,0
2,0,0,0.0978,0
1,0,0,0.3207,1
0,0,0,0.1542,1
0,0,0,0.0873,0
2,1,3,0.7412,1
2,4,3,0.4479,1
0,6,5,0.7699,1
4,4,3,0.5137,1
2,4,4,0.6693,1
1,5,4,0.4612,1
2,5,2,0.8428,1
3,1,0,0.1576,0
2,1,0,0.0689,0
0,3,3,0.5575,1
3,1,0,0.3059,0
2,2,1,0.4741,0
1,0,1,0.45,0
1,0,1,0.1808,0
1,1,1,0.4806,1
3,6,1,0.3794,1
0,4,0,0.6285,1
1,2,0,0.3918,1
2,0,1,0.1321,0
1,2,1,0.2841,1
0,4,0,0.1578,0
1,1,2,0.5396,1
1,2,3,0.7492,1
2,3,2,0.523,1
0,0,0,0.2197,0
4,1,0,0.2003,0
4,1,0,0.1979,0
0,0,0,0.061,0
3,5,1,0.6888,1
2,0,0,0.423,0
1,5,3,0.745,1
0,2,2,0.9647,1
2,5,2,0.5564,1
0,0,0,0.25,0
0,0,0,0.1109,1
0,0,0,0.0546,0
1,1,2,0.2555,1
0,0,0,0.0382,0
0,0,0,0.0592,0
1,0,0,0.3208,1
1,2,2,0.2873,1
4,1,2,0.0529,0
0,0,0,0.0086,0
0,4,2,0.8869,1
1,1,1,0.21,0
1,2,0,0.3027,0
0,0,0,0.1994,0
1,0,0,0.113,0
0,1,1,0.4892,1
1,1,1,0.4757,0
3,3,3,0.9663,1
3,1,0,0.0794,0
2,0,0,0.1598,0
2,0,0,0.161,1
4,5,4,0.655,1
4,0,0,0.1409,1
0,0,0,0.1253,0
1,1,2,0.3015,1
2,2,2,0.577,0
2,0,1,0.2924,0
1,1,0,0.1494,0
3,0,0,0.2106,0
1,0,0,0.25,0
0,0,0,0.121,0
0,0,0,0.0921,0
1,5,6,0.677,1
1,0,0,0.0125,0
1,1,0,0.5062,0
3,0,0,0.1788,1
4,1,0,0.45,1
3,1,0,0.2798,0
0,0,0,0.1365,0
1,0,0,0.3644,0
0,2,1,0.4651,1
1,4,2,0.8235,1
0,1,1,0.5664,1
1,0,1,0.2991,0
0,0,0,0.029,0
1,0,1,0.2162,0
2,1,3,0.5886,1
4,1,0,0.4363,0
1,1,0,0.1261,1
0,0,0,0.1695,0
2,6,2,0.8133,1
0,0,0,0.1101,0
2,6,2,0.6659,1
0,0,0,0.0152,0
4,2,2,0.5991,1
1,0,0,0.5,0
3,0,0,0.3381,0
0,1,0,0.3717,0
2,2,2,0.3687,1
3,2,2,0.5241,1
0,0,0,0.0325,0
0,1,0,0.2387,0
2,1,0,0.448,0
5,0,1,0.2496,0
1,1,2,0.7486,1
1,0,1,0.323,0
1,0,0,0.2129,0
2,0,1,0.4114,0
1,0,1,0.3111,0
3,0,1,0.1251,0
1,5,3,0.778,1
0,0,0,0.2428,0
2,1,0,0.2276,0
2,0,0,0.0525,0
1,1,0,0.0528,0
2,2,0,0.3774,0
0,0,0,0.151,0
2,5,3,0.7992,1
2,1,1,0.55,1
1,2,1,0.55,1
2,1,1,0.55,0
0,3,0,0.3149,0
0,0,0,0.0261,0
3,3,2,0.7589,1
4,0,1,0.05,0
0,0,0,0.0441,0
1,1,1,0.2624,0
1,2,3,0.4954,1
0,0,0,0.204,0
0,7,2,0.7074,1
1,0,0,0.05,0
2,2,2,0.2123,0
0,0,0,0.0376,0
1,2,3,0.9432,1
1,2,2,0.7955,1
3,0,0,0.108,1
1,5,0,0.7093,1
0,0,0,0.0062,0
5,0,0,0.0592,0
1,0,0,0.1685,0
1,6,6,0.9162,1
3,2,1,0.2288,0
3,0,0,0.0779,0
2,1,1,0.1554,0
0,4,4,0.8853,1
0,2,0,0.4607,1
1,4,3,0.5323,1
0,2,2,0.4735,0
1,2,1,0.4521,1
3,0,1,0.1769,0
3,1,0,0.1387,0
1,3,2,0.9536,1
1,4,3,0.4106,1
1,0,0,0.05,0
3,4,4,0.4662,1
0,4,2,0.7153,1
2,7,1,0.5463,1
3,0,0,0.2029,0
3,2,0,0.1247,0
0,3,1,0.4281,1
0,5,3,0.8551,1
0,0,0,0.25,0
0,1,1,0.55,0
2,3,3,0.5474,1
1,5,2,0.2655,1
2,0,1,0.2098,0
0,0,0,0.1133,0
1,0,0,0.1297,0
4,2,1,0.2238,0
1,0,0,0.1672,0
0,2,2,0.9721,1
0,0,0,0.2181,0
2,0,0,0.0983,0
1,0,0,0.163,0
0,0,0,0.0361,0
1,1,1,0.4322,1
4,5,0,0.85,1
1,0,0,0.45,1
1,3,4,0.5432,1
1,0,0,0.1248,0
3,2,0,0.1985,1
3,7,3,0.2952,1
0,0,0,0.1233,0
2,0,0,0.2262,1
3,1,3,0.5269,1
1,1,0,0.1604,1
3,0,0,0.2988,0
2,1,1,0.2629,0
0,0,0,0.1122,0
0,0,0,0.3611,0
3,0,0,0.4122,0
2,1,0,0.2976,0
0,0,0,0.1542,0
2,0,1,0.4028,0
2,7,2,0.9141,1
0,0,0,0.061,0
5,0,0,0.3496,1
3,0,1,0.1734,0
3,2,0,0.256,0
1,1,1,0.2345,1
2,2,0,0.2739,0
0,4,2,0.676,1
4,1,0,0.187,0
1,0,0,0.0117,0
1,2,0,0.3492,0
3,2,0,0.4807,0
0,0,0,0.0897,0
2,3,3,0.7218,1
3,0,0,0.05,0
0,6,3,0.5936,1
1,3,0,0.5407,1
5,2,1,0.6922,1
2,4,2,0.6432,1
1,0,1,0.2845,0
0,3,1,0.6037,1
1,0,0,0.3223,0
1,4,0,0.0775,0
1,0,0,0.1174,0
3,1,0,0.2306,1
2,0,0,0.1443,0
0,4,0,0.4811,1
3,0,0,0.2822,0
1,4,0,0.1031,1
1,4,2,0.3994,0
1,6,2,0.3651,1
1,2,0,0.6155,1
1,4,0,0.1594,1
3,5,0,0.6313,1
1,0,0,0.0148,0
0,6,1,0.6838,1
0,3,2,0.644,1
3,3,0,0.1285,0
0,0,0,0.0242,0
6,0,1,0.1336,0
2,4,0,0.1688,0
2,1,0,0.2909,1
0,2,0,0.2645,1
3,4,7,0.8932,1
1,4,4,0.8762,1
2,1,0,0.1544,0
2,0,0,0.1522,0
0,6,3,0.4148,1
5,0,0,0.3339,0
3,0,0,0.1337,1
0,0,0,0.0504,0
1,0,1,0.3543,0
4,0,1,0.2257,1
4,2,0,0.0827,0
2,2,1,0.5399,1
0,0,0,0.1044,0
0,0,0,0.25,0
1,0,0,0.2554,0
4,1,0,0.2229,0
0,0,0,0.25,0
1,0,0,0.1037,0
1,1,0,0.28,1
2,4,2,0.8798,1
0,2,2,0.6761,1
1,2,1,0.2098,1
1,1,0,0.2526,1
1,0,0,0.1094,0
0,1,1,0.1271,0
0,3,0,0.4848,1
2,0,0,0.05,0
0,4,2,0.768,1
1,1,0,0.8174,1
1,0,0,0.317,0
1,9,2,0.9359,1
2,3,1,0.3078,1
1,0,0,0.0896,0
0,0,0,0.1037,0
2,2,1,0.3743,0
1,1,2,0.5681,0
0,0,0,0.235,0
0,8,7,0.6128,1
0,1,0,0.616,1
0,5,3,0.806,1
1,2,2,0.7317,1
2,0,0,0.3931,0
1,0,0,0.2675,1
0,1,1,0.5777,1
0,0,0,0.0766,0
1,1,0,0.2984,0
0,0,0,0.1574,0
1,1,2,0.6435,1
0,0,0,0.0938,0
2,2,0,0.1646,0
0,7,3,0.8505,1
1,3,2,0.6771,1
1,2,0,0.0685,0
4,0,2,0.2346,0
3,0,0,0.315,0
2,3,5,0.8807,1
1,0,0,0.1063,0
0,0,0,0.1138,0
1,0,0,0.068,0
0,0,0,0.0419,0
2,5,0,0.3711,1
0,0,0,0.2421,0
3,1,1,0.1153,0
1,2,1,0.5364,0
0,0,0,0.0666,0
2,4,2,0.5853,1
1,1,0,0.1318,0
1,2,0,0.4133,1
0,4,0,0.3518,1
2,1,1,0.4025,0
0,0,0,0.0349,0
0,0,0,0.0199,0
1,3,1,0.25,1
0,1,1,0.2538,0
2,1,0,0.4474,0
0,3,3,0.3616,1
3,1,0,0.0905,0
6,1,1,0.3001,0
1,2,1,0.1904,0
1,0,0,0.0562,0
4,0,1,0.4023,0
2,2,1,0.4548,1
2,1,1,0.55,0
1,4,2,0.55,0
0,1,1,0.612,1
3,0,0,0.2753,0
1,0,0,0.0579,0
1,2,1,0.441,0
2,0,0,0.092,0
3,0,0,0.0893,0
0,1,1,0.2265,0
1,0,1,0.1185,0
0,0,0,0.1051,0
0,1,1,0.2033,0
4,0,0,0.1247,0
4,1,1,0.3381,0
6,1,0,0.0654,0
1,0,0,0.1651,0
5,7,2,0.7548,1
1,2,1,0.7408,0
3,3,1,0.5523,1
0,3,0,0.4534,0
0,0,0,0.0954,0
1,6,3,0.9482,1
0,0,0,0.25,0
1,1,0,0.2705,0
5,1,0,0.85,1
2,0,0,0.1492,0
1,0,1,0.1299,0
0,1,1,0.1439,0
0,2,2,0.6688,1
0,0,0,0.13,0
0,5,2,0.8419,1
0,0,0,0.0239,0
2,0,0,0.1149,0
1,0,0,0.2975,0
0,4,3,0.8368,1
1,8,3,0.776,1
0,0,0,0.146,0
1,9,2,0.8119,1
2,1,0,0.1776,0
4,0,1,0.113,0
1,7,3,0.9767,1
0,1,1,0.2874,0
0,0,0,0.0452,0
0,0,0,0.0624,0
1,1,1,0.1772,1
0,1,1,0.1162,0
0,0,0,0.1246,0
1,0,1,0.058,0
4,0,0,0.45,0
1,0,0,0.133,0
2,1,1,0.645,1
3,1,0,0.1567,0
0,6,2,0.8495,1
4,1,0,0.1888,0
2,1,0,0.2558,0
3,1,0,0.2364,0
2,4,1,0.4338,1
1,1,2,0.2702,1
1,4,3,0.8439,1
3,0,0,0.2857,0
0,0,0,0.1618,0
2,0,0,0.4123,0
4,1,1,0.2339,0
1,2,1,0.419,0
2,0,0,0.1732,0
0,1,1,0.5026,0
0,0,0,0.0693,0
0,2,2,0.6579,1
0,1,1,0.4959,0
0,3,2,0.6491,1
2,1,1,0.4393,0
0,0,0,0.55,0
1,1,1,0.1719,0
0,0,0,0.0364,0
1,2,3,0.484,1
3,3,2,0.31,1
1,0,0,0.1843,1
0,5,3,0.8064,1
1,0,0,0.1311,0
0,1,0,0.1851,0
1,0,0,0.1907,0
1,6,5,0.6856,1
0,0,0,0.0349,0
2,0,0,0.0595,0
1,0,0,0.1434,0
0,0,0,0.0952,0
2,2,0,0.3685,0
1,0,0,0.0224,0
4,2,1,0.4931,1
0,0,0,0.0243,0
1,0,0,0.1458,0
2,2,2,0.5379,1
2,7,4,0.9253,1
2,2,1,0.3112,0
0,4,4,0.7923,1
2,2,0,0.4817,1
2,1,1,0.5113,0
0,0,0,0.1996,0
3,3,0,0.3998,0
2,0,2,0.1531,1
1,4,2,0.4578,1
2,6,2,0.8314,1
0,5,2,0.8021,1
1,0,0,0.4964,0
0,4,4,0.7573,1
1,0,0,0.3271,0
1,0,0,0.4405,1
1,2,2,0.7549,1
0,0,0,0.1181,0
0,1,0,0.5089,0
2,0,0,0.1357,0
0,1,0,0.3302,0
2,0,1,0.2087,0
0,4,2,0.3943,1
0,0,0,0.172,0
1,1,0,0.3506,0
3,5,2,0.4507,1
4,0,0,0.0685,0
1,1,2,0.7037,1
1,3,2,0.4115,1
2,5,1,0.6979,1
0,3,3,0.8124,1
0,3,3,0.8053,1
0,0,0,0.0709,0
0,0,0,0.1554,0
2,1,0,0.3989,0
5,0,0,0.45,0
0,0,0,0.0358,0
2,0,0,0.054,0
5,3,3,0.2686,1
1,0,0,0.5016,1
1,0,0,0.0704,0
2,6,1,0.5203,1
2,1,1,0.434,1
0,3,3,0.946,1
1,9,2,0.6619,1
2,2,1,0.6963,0
2,0,0,0.1746,0
4,4,1,0.2642,0
1,0,0,0.0435,0
4,0,0,0.4377,0
1,3,2,0.3791,1
1,0,0,0.0636,0
1,3,1,0.55,0
1,0,1,0.2267,1
0,0,0,0.1723,0
0,0,0,0.2498,0
1,3,4,0.6813,1
1,6,2,0.6645,1
0,0,0,0.1313,0
1,0,0,0.116,0
3,0,0,0.3287,0
0,0,0,0.0325,0
0,0,0,0.188,0
0,3,2,0.7201,1
1,0,0,0.126,0
4,0,0,0.1597,0
0,0,0,0.1089,0
0,0,0,0.1296,0
1,1,0,0.0871,0
0,3,3,0.9266,1
3,1,0,0.2633,0
2,4,3,0.5242,1
2,0,0,0.3487,0
2,0,0,0.45,0
0,3,1,0.3313,0
0,1,1,0.5411,0
1,3,2,0.6899,1
0,0,0,0.1742,0
1,3,1,0.5805,1
5,3,1,0.705,1
0,1,0,0.0565,0
3,0,1,0.3376,1
0,0,0,0.3273,1
1,1,0,0.2982,1
0,4,3,0.6973,1
2,1,2,0.5423,0
4,0,1,0.3406,0
0,4,2,0.9144,1
2,1,0,0.1396,0
4,0,0,0.0546,0
1,0,0,0.1747,0
3,4,3,0.5164,1
3,1,0,0.2266,0
1,2,3,0.8589,1
4,2,0,0.3789,1
4,5,1,0.6852,1
1,2,3,0.9277,1
1,2,1,0.4628,1
1,2,1,0.5039,1
0,1,1,0.3643,1
2,4,6,0.9148,1
0,0,0,0.1056,0
2,1,3,0.6984,1
2,0,0,0.0867,0
0,3,2,0.7417,1
2,0,0,0.1928,0
3,0,0,0.45,0
1,0,0,0.462,1
2,2,2,0.6058,1
0,4,4,0.5832,1
0,0,0,0.1262,0
2,1,0,0.45,0
0,1,0,0.4319,1
1,5,2,0.9514,1
2,1,1,0.45,0
3,1,0,0.2737,0
1,0,0,0.3932,0
2,9,7,0.9402,1
1,0,1,0.2894,0
0,0,0,0.1434,0
2,0,0,0.1212,0
1,1,0,0.2772,1
3,2,1,0.5898,1
3,3,6,0.8227,1
4,0,2,0.3237,0
1,0,0,0.3672,0
2,1,1,0.2388,0
2,0,0,0.309,0
3,2,0,0.3909,0
1,0,1,0.3108,0
0,0,0,0.25,0
0,0,0,0.3991,0
0,1,1,0.5574,0
0,1,0,0.3843,0
2,0,0,0.0533,0
1,2,0,0.45,1
1,3,1,0.7488,1
0,0,0,0.141,0
4,0,0,0.45,0
3,0,0,0.4001,0
0,1,0,0.415,0
1,0,0,0.2792,0
0,0,0,0.1447,0
2,0,0,0.2405,0
1,4,3,0.5152,1
2,4,3,0.6788,1
1,1,0,0.0445,0
2,1,3,0.4964,1
2,4,3,0.9304,1
4,1,0,0.3567,1
0,4,2,0.8842,1
2,0,0,0.05,0
3,3,3,0.6226,1
5,0,0,0.3136,1
0,0,0,0.1093,0
1,0,0,0.362,0
4,1,1,0.5327,0
1,1,0,0.1311,0
2,3,1,0.6214,1
1,8,3,0.9359,1
0,9,4,0.7981,1
2,1,0,0.1345,1
0,3,2,0.726,1
3,0,1,0.055,0
1,0,0,0.0611,0
1,0,1,0.2125,0
5,0,2,0.2147,1
2,1,1,0.5346,0
2,1,2,0.85,1
2,0,0,0.1572,1
5,2,3,0.4478,1
0,0,0,0.1639,0
2,0,0,0.0705,0
1,0,0,0.111,1
4,3,1,0.2331,0
2,6,2,0.4293,1
1,2,0,0.1635,1
0,0,0,0.0817,0
0,2,1,0.4798,1
1,2,0,0.3168,0
0,0,0,0.2292,0
1,6,2,0.836,1
3,1,0,0.6404,1
0,3,2,0.7432,1
0,1,0,0.369,0
0,0,0,0.0506,0
3,4,3,0.3775,1
3,3,1,0.4482,0
0,2,2,0.8285,1
1,0,0,0.2382,0
0,0,0,0.0251,0
1,0,0,0.1906,1
1,2,1,0.3626,1
3,3,0,0.6158,1
1,1,0,0.3811,0
2,3,3,0.4087,1
3,2,0,0.1899,0
0,0,0,0.1729,0
2,1,0,0.196,0
3,4,1,0.2331,1
2,3,0,0.1459,0
1,1,0,0.0676,0
1,1,0,0.7055,1
3,0,0,0.0762,0
0,2,0,0.3716,1
1,4,1,0.6363,1
1,1,2,0.4942,1
4,6,1,0.3732,1
1,1,0,0.0762,1
2,1,0,0.0547,1
2,0,0,0.1087,1
1,5,2,0.5719,1
2,9,3,0.8402,1
2,2,1,0.0662,0
0,3,1,0.4566,1
1,0,0,0.2376,0
2,0,0,0.3143,1
1,0,0,0.2139,0
1,1,0,0.309,0
3,2,1,0.0741,0
0,0,0,0.25,0
3,0,0,0.45,0
1,2,3,0.7341,1
3,0,0,0.1854,0
1,0,0,0.488,1
0,3,1,0.55,0
2,1,0,0.3967,1
0,1,0,0.2181,1
0,1,0,0.041,0
3,2,2,0.5517,1
0,0,0,0.1018,0
1,1,1,0.4415,1
1,0,1,0.1644,0
0,0,0,0.1382,0
2,4,5,0.6415,1
2,0,0,0.226,0
1,0,0,0.0606,0
0,7,2,0.7602,1
0,1,1,0.2893,0
1,1,1,0.2965,1
2,0,0,0.55,0
0,1,0,0.026,0
0,0,0,0.0548,0
0,2,0,0.4589,0
2,2,0,0.3084,0
1,1,1,0.2638,0
4,0,0,0.0957,0
0,0,0,0.0986,0
2,0,2,0.1884,1
1,0,1,0.1061,1
1,7,2,0.8288,1
0,0,0,0.07,0
3,0,0,0.2025,0
3,2,1,0.3966,0
0,3,3,0.8343,1
3,0,0,0.3002,0
5,3,1,0.6139,1
1,3,0,0.4504,1
1,3,2,0.7298,1
1,0,1,0.1747,0
0,0,0,0.1135,0
2,0,0,0.0327,0
0,0,0,0.0902,0
4,0,0,0.1388,0
1,1,0,0.55,0
1,2,3,0.8993,1
2,3,1,0.7828,1
2,0,0,0.4776,0
0,5,4,0.8686,1
2,3,2,0.2523,1
1,2,1,0.1713,1
0,2,1,0.5023,1
2,1,2,0.5814,1
1,1,0,0.4934,0
3,1,0,0.1488,0
1,4,5,0.7358,1
2,1,2,0.2856,1
1,2,3,0.8439,1
1,0,0,0.2175,0
3,1,3,0.3894,1
1,2,0,0.4893,0
4,1,0,0.3043,0
0,3,3,0.3533,1
3,3,0,0.153,0
2,1,1,0.1581,1
1,3,2,0.41,1
3,3,0,0.5004,0
0,2,1,0.5823,1
2,1,1,0.1662,0
1,3,2,0.6899,1
2,0,0,0.2237,0
3,1,0,0.0848,0
1,5,5,0.8503,1
1,1,1,0.1333,0
0,1,0,0.195,0
0,0,0,0.25,0
4,0,0,0.4103,0
7,0,0,0.45,0
0,0,0,0.0013,0
0,0,0,0.1174,0
1,0,0,0.0395,0
0,0,0,0.1433,0
4,1,1,0.443,1
5,0,0,0.3289,0
1,1,0,0.1583,0
0,0,0,0.1455,0
1,0,0,0.1387,0
0,5,2,0.8201,1
0,0,0,0.0746,0
0,3,1,0.7496,1
1,2,3,0.7764,1
3,0,0,0.366,1
2,0,1,0.0365,0
1,0,0,0.0823,0
0,3,0,0.3926,1
1,3,1,0.3452,1
0,0,0,0.1132,0
1,0,1,0.1781,0
2,3,5,0.7864,1
1,0,0,0.0793,0
0,5,2,0.7553,1
1,0,0,0.1522,0
1,3,3,0.7363,1
3,5,3,0.8572,1
1,5,1,0.6968,1
1,3,1,0.4351,1
0,6,4,0.8136,1
2,3,5,0.8738,1
3,8,5,0.6093,1
1,3,2,0.5585,1
0,0,0,0.25,0
0,0,0,0.2367,0
0,0,0,0.0299,0
1,0,0,0.1846,0
2,0,1,0.0559,0
1,0,0,0.057,0
0,1,1,0.1665,0
2,0,0,0.4009,0
1,0,1,0.1025,0
2,3,2,0.3134,0
3,6,5,0.8493,1
0,0,0,0.0525,0
3,1,0,0.3648,0
3,0,1,0.2665,0
1,0,0,0.2817,1
1,2,3,0.7479,1
1,1,0,0.0673,0
0,0,0,0.1818,0
0,2,1,0.2317,0
2,2,3,0.708,1
2,0,1,0.3542,0
2,1,3,0.619,1
1,0,0,0.0509,0
0,4,3,0.6717,1
1,1,0,0.0005,0
1,0,0,0.1586,1
3,0,0,0.55,0
2,0,0,0.1139,0
2,1,1,0.401,0
2,1,0,0.4622,0
1,0,0,0.05,0
0,0,0,0.0733,0
1,1,0,0.2153,0
1,1,2,0.2225,0
1,1,0,0.0801,0
1,1,1,0.2288,0
2,1,1,0.7205,1
0,3,3,0.796,1
1,0,0,0.065,0
4,4,0,0.3106,0
0,1,0,0.3579,0
0,0,0,0.0518,0
3,1,0,0.45,0
3,0,1,0.1911,0
1,0,0,0.083,0
4,1,1,0.2715,0
1,2,1,0.5571,0
0,0,0,0.0256,0
2,1,1,0.2444,0
1,1,0,0.1826,0
1,0,1,0.3893,0
1,4,0,0.2202,0
2,1,2,0.1133,0
3,3,3,0.4765,1
0,0,0,0.0795,0
0,5,3,0.9837,1
0,0,0,0.2162,0
0,1,0,0.1736,0
1,0,0,0.1375,0
2,5,1,0.5013,1
2,0,0,0.1624,0
2,1,1,0.2016,0
0,4,3,0.8829,1
1,0,0,0.0951,0
3,0,0,0.3369,0
1,3,3,0.799,1
1,4,0,0.2593,0
4,1,0,0.7011,1
0,1,0,0.371,1
0,2,2,0.6973,1
0,0,0,0.1711,0
2,7,2,0.8469,1
1,0,0,0.0982,0
0,0,0,0.0423,0
3,0,2,0.2219,0
4,0,0,0.287,0
2,3,0,0.55,1
1,4,3,0.5637,1
1,5,1,0.3553,1
1,0,1,0.2436,0
3,0,0,0.1776,1
2,0,0,0.1764,0
0,0,0,0.0243,0
1,0,0,0.111,0
1,0,1,0.2307,0
5,1,2,0.2788,0
2,1,3,0.7771,1
3,5,3,0.712,1
1,2,2,0.1459,1
0,1,1,0.5603,1
1,2,0,0.3015,0
1,5,3,0.4029,1
2,0,0,0.1338,0
3,0,0,0.45,0
0,1,0,0.1375,0
2,0,0,0.0736,0
1,5,3,0.4043,1
4,0,2,0.3507,1
0,0,0,0.0452,0
2,0,0,0.2562,0
4,3,1,0.8412,1
2,0,0,0.028,0
0,0,0,0.0279,0
3,0,1,0.3264,0
3,1,2,0.292,0
0,4,4,0.8225,1
1,2,3,0.4801,1
2,4,2,0.85,1
2,1,2,0.3137,1
1,2,1,0.6571,0
0,1,0,0.2706,0
1,3,0,0.5572,1
3,1,1,0.5576,0
0,3,2,0.6098,1
0,1,0,0.3133,0
0,0,0,0.0654,0
2,1,1,0.45,0
1,0,0,0.1009,0
1,2,2,0.4013,0
0,5,4,0.7739,1
2,3,3,0.5776,1
0,4,4,0.9601,1
0,0,0,0.0214,0
3,5,4,0.4445,1
2,2,1,0.2288,0
1,3,3,0.7542,1
1,0,0,0.3805,0
1,4,2,0.8973,1
2,2,0,0.2746,1
5,0,0,0.129,0
2,1,2,0.4882,1
0,5,2,0.7903,1
3,1,1,0.4701,0
2,1,3,0.3827,1
1,2,0,0.4926,0
2,0,0,0.0496,0
1,0,0,0.2118,0
1,1,1,0.1978,0
1,5,1,0.393,1
2,2,1,0.55,0
0,1,0,0.25,0
2,1,0,0.2103,0
2,1,2,0.6429,1
2,0,0,0.2547,1
4,0,0,0.2891,0
1,2,2,0.9472,1
4,2,0,0.2142,0
1,1,1,0.2952,0
0,1,1,0.3082,0
0,4,2,0.7078,1
0,1,1,0.6161,1
1,0,0,0.2082,0
1,3,3,0.25,1
1,1,0,0.5502,0
2,3,0,0.2127,1
2,2,1,0.2442,0
2,1,0,0.182,0
5,0,0,0.2825,1
3,2,1,0.2155,1
2,4,1,0.3431,1
5,3,0,0.5833,1
2,3,2,0.9905,1
1,0,1,0.2967,0
1,8,3,0.8358,1
2,2,0,0.5957,1
1,0,0,0.2229,0
1,1,0,0.233,0
0,2,2,0.9561,1
2,1,1,0.094,0
1,1,0,0.2525,1
0,3,0,0.3194,0
2,1,0,0.3139,0
0,0,0,0.0944,0
2,1,3,0.4995,1
3,4,1,0.5492,1
1,1,0,0.3846,0
0,0,0,0.0398,0
3,0,0,0.1287,0
1,5,3,0.7268,1
3,2,1,0.1855,1
1,0,0,0.0117,0
1,2,2,0.7287,1
2,0,0,0.4626,0
0,0,0,0.1922,0
0,0,0,0.1202,0
3,7,0,0.7217,1
1,2,0,0.3188,1
1,1,1,0.05,0
0,3,1,0.4881,1
3,1,0,0.0669,0
0,0,0,0.1171,0
0,0,0,0.3025,1
3,4,6,0.7401,1
3,1,0,0.1918,1
0,0,0,0.166,0
0,0,0,0.352,0
4,4,0,0.619,1
1,2,1,0.6136,1
1,2,0,0.214,0
1,2,3,0.85,1
1,1,1,0.2698,0
2,0,0,0.0935,0
5,0,1,0.2761,0
0,0,0,0.1011,0
1,0,0,0.1935,0
0,3,2,0.6113,1
3,5,2,0.9598,1
1,0,0,0.1111,0
3,0,0,0.2659,0
3,1,1,0.05,0
0,3,3,0.7487,1
3,1,0,0.1735,0
1,1,0,0.4999,0
1,0,0,0.0731,0
0,0,0,0.0654,0
1,0,0,0.049,0
0,1,1,0.8165,1
2,0,0,0.3576,0
3,0,0,0.1485,1
3,0,0,0.094,0
1,0,0,0.2811,0
1,5,4,0.8944,1
1,2,0,0.1585,0
0,0,0,0.0848,0
0,0,0,0.1855,0
5,0,0,0.0653,0
5,1,1,0.3155,1
1,0,0,0.0881,0
2,3,0,0.4836,1
3,4,0,0.4795,1
1,3,3,0.5,1
0,7,2,0.8018,1
3,2,1,0.0823,1
3,0,0,0.2658,1
0,4,4,0.9067,1
3,0,0,0.3329,1
1,0,0,0.1548,0
0,1,1,0.5603,1
0,0,0,0.4128,0
2,4,1,0.421,1
0,3,3,0.7245,1
1,2,1,0.3365,1
3,3,2,0.481,1
3,3,1,0.609,1
3,0,0,0.197,0
2,1,3,0.5881,1
2,0,0,0.1506,1
0,6,2,0.9007,1
1,0,0,0.3304,0
1,1,2,0.1663,0
2,1,0,0.2183,0
3,5,0,0.2829,1
1,1,0,0.5438,0
0,0,0,0.0513,0
2,0,0,0.0801,0
1,4,3,0.906,1
0,3,0,0.1732,0
2,2,0,0.5429,1
2,1,0,0.0666,0
3,2,0,0.4253,1
5,1,1,0.1497,1
0,2,2,0.6296,1
3,0,0,0.2314,0
0,0,0,0.0593,0
1,2,3,0.8538,1
2,0,1,0.1421,0
0,0,0,0.1668,0
1,0,0,0.0702,0
1,0,0,0.0721,0
2,0,0,0.2533,0
4,0,0,0.123,0
2,0,0,0.4499,0
0,0,0,0.064,0
1,0,0,0.0852,0
0,0,0,0.0422,0
1,0,0,0.2631,0
0,0,0,0.25,0
1,0,0,0.0481,0
0,2,0,0.3343,0
2,0,0,0.147,0
3,0,0,0.2491,0
1,4,3,0.5539,1
2,2,1,0.3042,1
0,9,4,0.7514,1
4,3,0,0.2842,1
0,3,1,0.266,0
1,0,1,0.0828,0
2,0,0,0.2444,0
1,3,0,0.3949,0
3,1,1,0.4488,0
3,1,0,0.2478,0
0,0,0,0.0486,0
1,4,3,0.8291,1
3,2,3,0.3179,1
1,3,1,0.535,1
1,1,1,0.7859,1
0,0,0,0.0647,0
4,3,2,0.3545,0
0,0,0,0.045,0
1,3,2,0.3406,0
2,4,1,0.4869,1
1,3,4,0.9255,1
1,0,0,0.066,0
3,4,2,0.6316,1
1,5,1,0.4957,1
1,1,0,0.1183,0
3,0,0,0.2574,0
4,3,0,0.5265,0
2,2,2,0.1895,1
1,5,6,0.6549,1
0,1,0,0.0634,0
0,2,0,0.55,0
1,5,2,0.9364,1
2,3,2,0.1624,1
1,0,0,0.05,0
3,1,1,0.3765,0
2,0,0,0.0599,1
1,0,0,0.0553,0
2,6,2,0.463,1
2,2,1,0.2271,0
2,0,1,0.4411,0
0,3,0,0.4994,1
5,2,1,0.5295,0
0,2,1,0.1555,0
2,0,2,0.1491,0
0,0,0,0.0253,0
0,3,3,0.9564,1
1,0,0,0.3308,0
0,0,0,0.1256,0
1,2,3,0.875,1
1,0,0,0.35,0
4,0,0,0.45,0
0,3,2,0.104,0
0,0,0,0.1003,0
1,0,0,0.2447,0
0,0,0,0.0788,0
3,2,0,0.3557,0
2,0,0,0.2935,0
0,3,1,0.3401,1
0,0,0,0.1429,0
3,5,2,0.9135,1
0,1,0,0.1611,1
0,0,0,0.3215,0
1,0,0,0.2826,0
2,1,0,0.3332,0
1,0,0,0.0537,0
1,1,0,0.28,0
3,0,0,0.2468,0
2,1,0,0.2424,0
2,1,0,0.55,0
2,1,1,0.6913,1
0,0,0,0.0798,0
1,0,0,0.1953,0
4,0,0,0.3085,0
2,8,7,0.7968,1
0,0,0,0.3979,0
0,0,0,0.25,0
0,0,0,0.0843,0
2,1,2,0.383,0
2,1,2,0.2059,1
3,0,0,0.3126,0
1,5,2,0.6676,1
0,0,0,0.0672,0
1,0,0,0.2558,0
1,0,0,0.0943,0
1,5,1,0.5696,1
0,2,2,0.685,1
6,0,0,0.1524,0
4,0,2,0.322,0
3,0,0,0.0595,0
3,1,0,0.2599,1
1,2,1,0.4799,1
2,0,0,0.2157,0
1,0,0,0.0847,0
4,0,0,0.1485,0
3,1,1,0.4277,0
2,1,0,0.246,0
1,4,2,0.6815,1
5,3,1,0.2571,1
1,0,0,0.0889,0
1,2,3,0.9584,1
1,0,1,0.2078,0
1,2,0,0.05,0
1,7,2,0.7495,1
3,0,0,0.45,0
3,0,0,0.2431,0
0,4,4,0.5877,1
0,4,2,0.8414,1
5,1,1,0.3954,0
1,2,0,0.2623,1
4,0,1,0.2321,0
2,6,4,0.8926,1
1,1,0,0.1429,0
0,6,3,0.8609,1
2,3,2,0.0881,1
0,0,0,0.0434,0
3,2,4,0.6515,1
1,6,2,0.9775,1
0,3,2,0.6688,1
3,4,0,0.2207,0
0,0,0,0.0507,0
1,0,0,0.4976,0
1,2,1,0.25,0
4,6,2,0.514,1
1,5,2,0.85,1
0,0,0,0.1214,0
2,3,4,0.4551,1
2,3,2,0.05,0
4,0,0,0.45,0
5,1,0,0.3727,0
3,4,2,0.6702,1
1,0,0,0.0266,0
2,2,0,0.3795,0
0,5,3,0.9463,1
2,3,2,0.4648,1
1,0,0,0.3541,1
2,0,0,0.3074,0
1,2,0,0.2343,0
2,2,1,0.1503,0
2,1,2,0.4487,0
3,0,0,0.1655,0
0,0,0,0.0874,0
1,0,0,0.2049,0
2,1,0,0.3512,0
2,3,1,0.334,0
3,1,0,0.2272,0
2,0,1,0.2248,0
2,0,1,0.1358,0
2,5,4,0.7751,1
1,8,2,0.7937,1
2,1,1,0.1998,0
2,5,3,0.6324,1
1,4,2,0.3719,1
1,2,3,0.3805,1
4,0,0,0.1729,0
2,4,0,0.3302,1
3,3,2,0.2014,1
4,0,1,0.3036,0
3,1,1,0.0696,0
1,4,0,0.3633,0
1,2,3,0.4657,1
1,4,5,0.9477,1
1,0,0,0.404,0
2,4,2,0.7945,1
4,1,0,0.34,0
2,0,1,0.3488,0
1,0,1,0.0941,0
2,2,1,0.3281,0
2,2,1,0.8187,1
1,4,1,0.5044,1
2,5,2,0.4668,1
0,0,0,0.0353,0
2,3,0,0.374,0
0,2,1,0.5156,1
2,1,1,0.1422,0
2,7,3,0.5746,1
1,0,0,0.3902,1
2,1,0,0.1478,1
0,0,0,0.0149,0
2,0,0,0.1929,0
4,0,0,0.243,0
3,1,0,0.198,0
2,0,0,0.1486,1
3,9,3,0.6729,1
1,3,3,0.5242,1
2,7,2,0.8606,1
1,2,1,0.1146,0
4,0,0,0.0866,1
0,2,2,0.4633,1
1,1,1,0.1685,0
1,0,0,0.1581,0
2,0,0,0.0413,0
4,5,0,0.7106,1
0,0,0,0.1165,0
0,3,3,0.9117,1
0,1,0,0.0487,0
1,5,1,0.3333,1
1,0,0,0.1486,0
4,0,0,0.0697,0
1,2,2,0.7583,1
0,0,0,0.25,0
2,3,2,0.7739,1
2,3,0,0.2609,1
3,2,0,0.45,0
1,3,4,0.917,1
2,1,0,0.1136,0
0,0,0,0.0416,0
0,2,0,0.1797,0
1,5,2,0.5904,1
1,0,0,0.157,0
1,7,3,0.8513,1
1,1,1,0.55,0
2,2,0,0.1291,1
1,1,0,0.0203,0
1,0,0,0.364,0
0,1,1,0.4614,0
3,0,0,0.1521,0
6,0,1,0.45,1
0,0,0,0.0975,0
1,1,0,0.1196,0
0,6,2,0.5868,1
1,0,0,0.1394,0
1,5,1,0.446,1
2,3,2,0.558,1
3,2,0,0.2706,0
1,5,3,0.85,1
0,1,0,0.2168,1
2,0,0,0.2415,0
0,1,0,0.3536,0
0,8,2,0.8291,1
2,0,0,0.3121,0
2,1,0,0.0901,0
4,1,0,0.1982,0
0,5,5,0.8411,1
5,0,0,0.1789,0
2,3,3,0.8876,1
0,3,2,0.8457,1
1,0,0,0.05,0
0,3,1,0.4724,1
0,0,0,0.0165,0
1,0,0,0.1211,0
1,7,5,0.7178,1
3,3,2,0.5583,1
0,3,1,0.5322,0
2,4,3,0.7084,1
0,0,0,0.1458,1
0,0,0,0.117,0
2,2,2,0.5497,1
4,0,0,0.2774,0
2,0,0,0.3136,0
3,0,0,0.3743,0
4,3,0,0.5133,1
3,2,0,0.4824,1
4,0,1,0.3986,0
2,2,0,0.2329,0
1,0,1,0.3232,0
0,3,3,0.7858,1
1,2,3,0.7626,1
1,0,0,0.0438,0
0,1,1,0.55,0
1,0,0,0.1057,0
5,3,0,0.6529,1
0,2,2,0.9555,1
2,0,0,0.4605,0
4,1,0,0.159,0
0,4,4,0.8273,1
2,0,0,0.1111,0
1,5,0,0.5983,0
2,6,1,0.6019,1
2,2,0,0.1323,1
0,0,0,0.1492,0
3,0,0,0.3401,0
2,5,2,0.85,1
3,2,2,0.3322,0
0,2,2,0.271,0
2,3,0,0.2901,0
0,0,0,0.158,0
1,1,1,0.3643,0
0,2,2,0.6145,1
3,0,0,0.3239,0
2,1,0,0.1559,0
3,1,0,0.6803,1
0,0,0,0.0728,0
3,1,0,0.2342,0
1,4,0,0.3077,1
0,1,0,0.4927,0
1,0,0,0.0641,0
0,0,0,0.0628,0
1,1,2,0.6426,1
1,2,3,0.7545,1
0,0,0,0.0233,0
1,0,0,0.1603,0
0,0,0,0.0726,0
0,0,0,0.1553,0
3,1,0,0.1554,1
2,3,3,0.2522,1
0,3,1,0.7273,1
0,1,1,0.2164,1
1,7,1,0.5059,1
4,0,2,0.1897,0
1,3,3,0.8295,1
2,0,2,0.1969,0
0,0,0,0.0358,0
3,2,0,0.3329,1
2,1,0,0.05,0
1,6,0,0.4023,0
1,0,0,0.3709,0
0,0,0,0.25,0
0,0,0,0.2219,0
1,1,0,0.4083,0
0,0,0,0.0546,0
1,1,0,0.1442,0
1,1,0,0.3555,0
0,0,0,0.1688,0
1,0,1,0.25,0
3,1,0,0.3045,0
3,0,1,0.2188,0
0,0,0,0.0593,0
5,0,2,0.088,0
1,0,0,0.1282,0
0,1,1,0.7704,0
3,1,0,0.2409,0
3,4,1,0.25,1
1,1,0,0.4161,1
1,4,0,0.2746,0
0,2,2,0.7051,1
1,9,7,0.8127,1
3,5,4,0.6864,1
1,1,2,0.3239,0
0,3,2,0.7505,1
2,3,0,0.2894,0
5,0,1,0.4051,1
1,0,1,0.0809,1
2,0,0,0.2989,1
0,1,0,0.2024,0
1,3,4,0.3534,1
0,2,0,0.1641,1
0,0,0,0.1063,0
1,3,0,0.4997,1
4,1,0,0.1421,1
1,1,2,0.4981,1
0,0,0,0.25,0
0,0,0,0.25,0
2,4,2,0.8694,1
2,2,1,0.6116,1
2,1,3,0.6933,1
0,0,0,0.0317,0
1,1,0,0.1569,0
0,1,1,0.6281,1
5,0,1,0.3473,0
1,5,1,0.4932,1
0,3,0,0.3196,0
1,3,1,0.5125,1
2,1,0,0.5147,0
3,3,2,0.3842,1
0,0,0,0.0475,0
1,1,0,0.1287,0
0,8,7,0.8403,1
1,1,2,0.429,0
3,2,2,0.4375,1
2,3,0,0.3258,0
3,0,0,0.0899,0
3,3,0,0.433,1
1,0,1,0.1688,0
3,0,0,0.45,1
2,1,0,0.1673,0
4,0,2,0.4013,1
1,7,3,0.7029,1
1,1,1,0.1179,0
1,5,2,0.5741,1
0,0,0,0.0803,0
0,0,0,0.1337,0
0,0,0,0.2428,0
3,0,1,0.2579,0
0,0,0,0.0305,0
2,0,0,0.165,0
0,0,0,0.0317,0
3,2,3,0.5828,1
1,3,0,0.1854,0
0,4,2,0.6854,1
1,0,0,0.0944,0
1,1,2,0.7576,1
2,0,0,0.3539,1
1,0,0,0.2641,1
1,0,0,0.25,0
2,0,0,0.2305,0
1,0,0,0.2147,0
3,1,0,0.2927,0
2,0,0,0.3271,0
3,1,0,0.3853,0
2,1,0,0.4205,0
2,0,0,0.3523,0
4,0,0,0.2857,1
2,1,1,0.13,0
0,0,0,0.1488,0
2,1,0,0.2472,1
1,4,0,0.2892,1
0,0,0,0.0523,0
0,1,0,0.3148,0
2,1,1,0.4552,1
1,0,0,0.0682,0
3,5,2,0.8626,1
1,1,0,0.1824,0
0,0,0,0.0539,0
3,0,0,0.2919,0
2,3,1,0.4153,1
0,0,0,0.1523,0
0,1,1,0.55,0
0,0,0,0.2088,0
1,0,0,0.1744,0
2,2,0,0.0876,0
2,1,0,0.5096,0
2,3,2,0.8205,1
4,0,0,0.1059,0
0,4,2,0.5884,1
1,3,4,0.6366,1
1,0,1,0.0603,0
5,2,4,0.5797,1
0,0,0,0.0748,0
2,1,2,0.3915,0
2,2,0,0.7133,1
0,1,0,0.0569,0
0,1,1,0.1498,0
0,2,2,0.6165,1
0,4,0,0.7705,1
1,0,0,0.1265,0
2,1,0,0.3952,0
0,3,2,0.5625,1
2,4,3,0.8262,1
1,0,1,0.0881,0
2,0,0,0.0548,0
1,0,1,0.18,0
2,4,2,0.85,1
1,0,0,0.1569,0
0,0,0,0.0749,0
2,2,0,0.4415,0
3,1,2,0.5499,1
0,0,0,0.1451,0
0,0,0,0.1329,0
3,2,2,0.7734,1
3,0,2,0.1227,1
1,4,3,0.823,1
1,3,1,0.4098,1
0,0,0,0.0573,0
1,5,1,0.5966,1
0,0,0,0.0044,0
0,6,2,0.919,1
2,6,4,0.8162,1
5,1,0,0.55,1
3,0,0,0.3275,0
0,0,0,0.2468,0
0,0,0,0.2367,0
2,6,0,0.4372,1
0,3,0,0.3146,0
0,0,0,0.1265,0
3,0,0,0.1371,0
2,2,3,0.5609,1
0,1,1,0.0923,0
4,0,0,0.4164,0
0,0,0,0.0454,0
2,1,0,0.3918,1
0,1,0,0.3158,0
0,6,0,0.633,1
2,3,1,0.7651,1
1,2,3,0.9548,1
0,5,3,0.7031,1
0,3,3,0.6203,1
0,0,0,0.1264,0
2,3,0,0.1212,1
4,0,0,0.2988,0
3,3,1,0.4449,1
0,2,2,0.9184,1
2,4,2,0.8076,1
4,0,1,0.5221,0
2,0,0,0.3256,0
0,0,0,0.1198,0
1,1,0,0.694,1
2,2,2,0.3105,0
1,1,1,0.4633,0
1,0,1,0.4656,0
0,1,0,0.2988,0
1,0,0,0.123,0
0,0,0,0.0371,0
0,0,0,0.1068,0
0,0,0,0.0142,0
0,5,2,0.9555,1
2,3,1,0.3853,1
4,1,1,0.4273,0
3,4,5,0.7572,1
1,0,0,0.45,1
2,0,1,0.45,0
1,0,0,0.2169,0
4,0,0,0.1257,0
3,2,3,0.7873,1
3,2,3,0.2536,1
0,1,1,0.1439,0
0,0,0,0.0476,0
5,3,2,0.3526,1
1,0,0,0.25,0
2,2,2,0.2263,0
5,2,3,0.691,1
2,5,4,0.7352,1
1,2,1,0.7079,0
3,8,4,0.7559,1
0,0,0,0.103,0
3,3,0,0.2942,0
4,1,1,0.151,0
1,0,0,0.0588,0
1,0,0,0.0174,0
0,1,1,0.2738,0
1,0,0,0.0908,0
0,0,0,0.55,0
1,1,0,0.3296,0
1,2,0,0.7224,1
3,1,4,0.8187,1
5,2,0,0.0624,1
2,1,0,0.3058,0
3,0,0,0.05,0
0,1,0,0.1165,1
1,0,0,0.2682,0
0,0,0,0.1391,0
4,1,1,0.4123,0
2,1,0,0.2452,0
4,1,1,0.1176,1
1,0,1,0.0715,0
0,0,0,0.0246,0
1,0,0,0.4294,0
1,0,0,0.0514,0
4,0,2,0.0798,0
0,3,0,0.3139,1
1,0,0,0.0643,0
0,0,0,0.1616,0
4,0,0,0.333,0
0,4,2,0.8659,1
2,1,0,0.1497,0
2,0,0,0.187,1
2,1,3,0.5629,1
1,3,0,0.0665,1
0,3,2,0.4084,1
2,2,1,0.4393,0
0,1,0,0.23,1
2,0,0,0.2127,0
2,4,4,0.8561,1
2,0,0,0.0432,0
1,0,0,0.079,0
5,0,0,0.3178,0
3,0,0,0.4051,0
1,5,1,0.298,1
0,4,3,0.8783,1
4,3,2,0.2971,1
2,0,0,0.0663,0
2,0,0,0.05,0
2,0,1,0.1899,0
2,0,0,0.3088,0
4,0,0,0.1724,0
1,3,0,0.3933,0
5,0,0,0.077,0
1,0,0,0.0645,0
0,2,2,0.9735,1
0,6,1,0.486,1
3,3,0,0.2875,0
1,2,1,0.1455,0
0,1,0,0.214,0
1,0,0,0.2546,0
2,0,0,0.1688,1
0,9,3,0.9273,1
2,0,0,0.2457,0
2,2,2,0.7676,1
1,2,3,0.8377,1
0,1,1,0.4911,0
1,0,0,0.0555,0
0,0,0,0.0646,0
0,0,0,0.1583,0
0,6,2,0.7245,1
3,0,0,0.1499,0
0,1,0,0.0848,0
1,4,2,0.796,1
4,0,0,0.1633,1
3,4,3,0.3372,1
1,1,1,0.2629,0
3,1,0,0.096,0
3,1,0,0.3273,1
0,1,0,0.0415,0
0,0,0,0.1951,0
1,0,1,0.4289,0
0,0,0,0.0277,0
0,2,2,0.5887,1
2,1,0,0.3793,0
1,3,0,0.1674,0
5,0,2,0.3056,0
0,3,3,0.7045,1
2,5,2,0.904,1
1,4,2,0.5124,1
1,2,0,0.0883,0
1,1,0,0.0806,0
2,1,0,0.2176,0
2,1,1,0.5253,1
1,4,2,0.9882,1
1,1,0,0.1804,0
5,1,0,0.1395,1
0,3,0,0.5128,1
2,0,0,0.2752,0
1,0,0,0.2252,0
0,0,0,0.217,0
2,0,1,0.3752,0
1,3,4,0.8129,1
2,0,0,0.1677,0
0,2,1,0.597,0
0,6,2,0.6516,1
1,0,1,0.1824,1
1,1,0,0.05,0
3,7,4,0.6292,1
3,0,0,0.3254,0
2,0,0,0.0597,0
2,1,0,0.1533,1
3,2,1,0.6065,1
3,1,0,0.05,0
1,0,0,0.1087,0
0,4,4,0.7123,1
1,0,0,0.2341,0
5,0,0,0.3937,0
0,5,5,0.7238,1
1,0,0,0.0337,0
0,0,0,0.1941,0
0,1,0,0.2257,0
2,2,0,0.3485,1
0,3,2,0.3835,1
1,5,6,0.7819,1
0,0,0,0.072,0
1,1,2,0.3599,0
3,1,1,0.4419,1
1,1,0,0.2744,0
1,1,0,0.1711,0
1,4,1,0.8054,1
2,0,1,0.1838,0
1,0,1,0.1588,1
2,2,0,0.073,1
0,9,4,0.7662,1
3,4,3,0.3267,1
2,2,1,0.55,0
1,1,0,0.1516,0
0,3,1,0.3484,1
3,4,0,0.7169,1
1,7,2,0.8293,1
3,0,1,0.258,0
1,2,0,0.1711,0
4,0,0,0.1989,0
2,3,1,0.7452,1
2,2,2,0.1292,1
2,0,0,0.1684,0
1,0,1,0.3277,1
1,0,0,0.1063,0
1,0,0,0.4379,0
2,1,0,0.5273,0
2,1,1,0.0718,0
0,0,0,0.0875,0
0,0,0,0.1417,0
0,0,0,0.1105,0
1,0,1,0.3125,0
1,4,2,0.7077,1
0,0,0,0.0323,0
2,1,3,0.5407,1
2,0,1,0.3026,0
2,1,1,0.5344,1
0,0,0,0.1174,0
1,5,0,0.5151,1
1,0,0,0.1031,0
3,0,0,0.2014,0
3,1,0,0.05,0
2,1,0,0.2177,1
1,2,3,0.907,1
1,3,2,0.9241,1
1,5,2,0.959,1
3,0,0,0.2738,1
0,3,2,0.4969,1
1,4,1,0.315,1
0,1,1,0.2217,1
1,0,1,0.0622,0
0,2,2,0.7559,1
2,0,1,0.2067,0
0,0,0,0.0919,0
0,5,1,0.4797,1
0,3,1,0.2697,0
3,0,0,0.002,0
1,0,0,0.1327,0
1,2,0,0.3119,0
1,0,0,0.3651,0
0,6,2,0.8111,1
0,4,4,0.8352,1
2,1,0,0.55,1
3,1,1,0.4088,0
2,4,3,0.3684,1
1,0,0,0.1607,0
1,5,6,0.7516,1
1,1,1,0.165,0
1,4,1,0.2327,0
1,0,0,0.1192,0
3,1,2,0.3883,0
1,3,2,0.486,1
3,2,2,0.5299,1
2,3,1,0.7463,1
2,0,0,0.0869,0
0,3,3,0.7122,1
1,0,0,0.4004,0
1,2,1,0.464,0
2,2,2,0.7974,1
3,1,0,0.1819,0
2,0,0,0.2888,0
0,5,2,0.9082,1
1,1,2,0.2594,1
1,1,1,0.3187,0
0,0,0,0.017,0
0,5,5,0.849,1
0,0,0,0.145,0
2,1,0,0.372,0
3,0,0,0.1149,0
4,0,0,0.3782,0
3,0,0,0.2144,0
1,0,0,0.0743,0
1,0,0,0.0633,0
3,0,0,0.2609,0
5,0,0,0.1908,0
1,0,0,0.25,0
0,0,0,0.1429,0
1,1,1,0.3867,1
1,1,0,0.2452,0
3,0,0,0.1003,0
0,1,0,0.2204,0
4,0,0,0.05,0
0,6,2,0.669,1
1,0,0,0.1057,0
5,1,0,0.2582,0
0,2,2,0.7807,1
1,0,0,0.55,0
2,0,0,0.3109,0
2,1,0,0.2678,0
1,0,0,0.0514,0
1,0,0,0.2352,0
0,0,0,0.0195,0
2,8,5,0.9848,1
1,9,4,0.7088,1
1,4,5,0.8257,1
0,1,0,0.1709,0
0,1,0,0.0046,0
1,1,0,0.0198,0
1,0,0,0.2102,0
3,0,0,0.1247,0
1,0,0,0.1441,0
1,1,0,0.1307,0
2,0,0,0.073,0
2,1,0,0.2191,0
0,0,0,0.0288,0
0,0,0,0.2075,0
1,2,0,0.3335,1
1,1,2,0.7513,1
2,0,0,0.1098,0
4,0,0,0.2481,0
2,0,1,0.0897,0
1,0,0,0.5083,0
1,3,0,0.6906,1
2,6,2,0.6508,1
1,4,0,0.8009,1
3,0,0,0.05,0
0,0,0,0.0237,0
1,0,0,0.0756,0
1,0,1,0.45,0
1,0,1,0.1889,0
1,0,0,0.1839,0
4,0,0,0.249,1
1,0,1,0.2168,0
1,0,0,0.3853,1
1,1,2,0.3113,0
2,1,0,0.3675,0
3,1,1,0.0532,0
0,0,0,0.0394,0
1,2,1,0.25,0
0,1,1,0.3584,1
0,1,0,0.0822,0
1,0,0,0.31,1
3,0,0,0.0298,0
1,3,2,0.8825,1
0,0,0,0.0717,0
3,4,1,0.6197,1
1,0,0,0.1313,0
0,1,0,0.3365,0
1,2,0,0.2223,0
1,0,0,0.154,0
1,2,0,0.1235,0
0,6,5,0.8201,1
0,0,0,0.0298,0
6,0,0,0.1931,0
1,1,0,0.429,1
3,1,2,0.4352,1
1,0,0,0.0675,0
0,0,0,0.0914,0
0,0,0,0.1947,0
2,2,4,0.7832,1
1,2,0,0.3819,1
1,0,0,0.0221,0
1,5,3,0.7011,1
1,1,2,0.2356,1
1,1,0,0.2186,0
4,2,3,0.7439,1
0,0,0,0.0182,0
0,2,2,0.6791,1
1,3,0,0.4955,0
4,0,0,0.4124,0
2,2,3,0.82,1
0,0,0,0.0582,0
1,1,1,0.2106,0
5,0,0,0.0836,0
2,0,0,0.3556,0
0,0,0,0.0645,0
0,0,0,0.0839,0
1,0,0,0.1147,0
0,4,2,0.666,1
0,5,3,0.6233,1
4,0,0,0.1853,0
0,4,2,0.6647,1
0,5,2,0.8625,1
1,4,3,0.3998,1
2,0,2,0.0719,0
0,2,1,0.4801,1
1,1,0,0.3571,1
3,0,0,0.1301,0
0,0,0,0.0495,0
0,7,3,0.7921,1
1,0,1,0.1827,0
0,0,0,0.0164,0
1,2,3,0.8311,1
1,9,4,0.7679,1
1,1,0,0.3105,0
2,0,0,0.2628,0
4,3,0,0.463,1
1,1,0,0.05,0
1,0,0,0.0769,0
0,1,1,0.5503,0
2,1,0,0.1224,1
0,3,0,0.5256,1
0,8,2,0.8209,1
1,1,2,0.451,1
2,3,4,0.7041,1
0,1,0,0.1682,0
3,0,0,0.3869,0
0,0,0,0.125,0
2,1,0,0.2487,0
3,2,2,0.8338,1
0,1,0,0.1009,0
1,4,2,0.5395,1
2,2,1,0.21,0
2,0,0,0.05,0
2,2,0,0.3928,0
1,6,4,0.8296,1
1,0,0,0.2426,0
1,5,2,0.8205,1
0,2,1,0.2916,0
1,2,2,0.9465,1
2,1,0,0.2726,0
1,0,0,0.0464,0
4,2,2,0.3141,1
1,0,1,0.2462,0
3,2,2,0.8317,1
2,0,0,0.3757,0
2,0,0,0.1913,0
1,0,0,0.1559,1
0,1,1,0.5522,0
0,1,1,0.1779,0
2,3,3,0.8299,1
3,1,1,0.7675,1
0,0,0,0.1406,0
0,0,0,0.0868,0
0,1,1,0.2528,1
0,1,1,0.4888,0
1,2,1,0.4532,1
0,0,0,0.0538,0
0,0,0,0.0533,0
1,1,0,0.3036,0
0,1,1,0.5203,1
0,2,0,0.6924,1
1,1,0,0.0346,0
2,0,0,0.2451,0
2,4,1,0.7526,1
2,1,2,0.1928,1
3,1,0,0.4962,1
2,6,2,0.7892,1
0,0,0,0.25,0
0,3,3,0.592,1
2,1,1,0.55,0
0,4,3,0.4487,1
2,0,0,0.45,0
1,3,4,0.5929,1
0,0,0,0.0699,0
1,5,1,0.5418,1
1,4,5,0.9208,1
1,3,2,0.1026,1
1,0,0,0.0847,0
3,3,0,0.2236,0
1,1,0,0.1886,0
2,4,4,0.3687,1
0,0,0,0.252,0
1,4,0,0.4812,1
0,0,0,0.2241,0
1,0,0,0.1378,0
0,4,2,0.7812,1
2,7,1,0.8211,1
2,6,4,0.6718,1
0,0,0,0.2995,0
0,1,0,0.1823,0
1,0,1,0.3894,1
0,0,0,0.2488,0
0,0,0,0.0144,0
1,3,1,0.1122,0
4,2,2,0.2635,0
0,0,0,0.2396,0
1,3,0,0.513,1
0,6,5,0.9527,1
0,0,0,0.0257,0
0,3,1,0.2393,0
1,2,2,0.557,1
0,0,0,0.0706,0
1,2,0,0.1699,0
0,0,0,0.0621,0
4,1,0,0.7142,1
1,0,1,0.384,0
1,0,0,0.1699,0
0,3,2,0.4986,1
0,0,0,0.1948,0
1,0,0,0.1921,0
0,0,0,0.0579,0
0,0,0,0.0882,0
1,0,0,0.0286,0
3,0,0,0.05,0
3,3,2,0.43,1
3,1,2,0.3781,1
0,1,0,0.3693,0
0,0,0,0.55,0
1,7,2,0.8406,1
0,1,0,0.4652,0
1,7,7,0.9472,1
4,1,1,0.1841,0
0,1,0,0.2048,1
1,1,0,0.4164,1
2,2,1,0.2398,1
1,1,0,0.05,0
5,0,0,0.0971,0
1,2,1,0.3779,0
1,0,0,0.0702,0
2,0,0,0.0226,0
2,1,3,0.3027,1
4,0,0,0.2531,0
1,1,1,0.4037,0
2,0,1,0.4725,0
1,4,5,0.7999,1
0,5,3,0.454,1
0,2,1,0.2771,1
3,2,0,0.2807,1
1,0,0,0.145,0
0,5,5,0.7653,1
1,0,0,0.1298,0
2,0,0,0.3222,0
2,2,0,0.3566,1
1,0,0,0.45,0
2,0,0,0.2039,0
0,0,0,0.0895,0
0,0,0,0.25,0
0,3,2,0.55,0
1,1,1,0.3432,1
4,0,0,0.3059,0
4,0,0,0.3202,0
1,0,0,0.5403,0
3,1,0,0.1787,0
1,2,2,0.5974,1
1,3,4,0.6694,1
1,3,0,0.532,0
2,3,1,0.2462,0
1,1,1,0.3043,0
2,1,2,0.4427,1
1,3,2,0.3729,0
2,4,4,0.6717,1
0,2,1,0.55,1
2,0,1,0.4422,1
2,1,1,0.4998,0
1,4,3,0.7875,1
0,5,4,0.6102,1
2,1,1,0.55,0
1,1,0,0.1179,0
3,1,1,0.1202,0
1,2,2,0.8638,1
2,0,1,0.4397,0
3,4,2,0.3981,1
0,3,3,0.683,1
1,5,6,0.7996,1
4,0,1,0.1727,0
4,2,0,0.1034,0
1,0,1,0.1749,0
2,4,0,0.3774,1
2,0,0,0.3246,0
2,0,0,0.05,0
4,1,0,0.2249,0
1,3,2,0.7264,1
0,5,3,0.8249,1
2,5,2,0.5267,1
1,0,0,0.1545,0
0,1,0,0.2603,0
0,0,0,0.0084,0
2,0,0,0.0671,0
1,0,0,0.1579,0
0,6,3,0.9107,1
1,0,0,0.2564,0
0,1,1,0.1763,0
1,0,1,0.1407,0
1,0,0,0.1103,0
0,1,0,0.1389,0
0,0,0,0.0108,0
0,5,2,0.9051,1
4,0,2,0.3537,0
0,0,0,0.1365,0
0,4,4,0.9251,1
0,6,6,0.8394,1
6,0,0,0.2398,0
0,5,3,0.9078,1
1,1,1,0.3954,0
0,6,2,0.7005,1
3,1,0,0.2177,1
0,0,0,0.1662,1
0,2,2,0.9289,1
1,0,1,0.1287,0
0,2,2,0.8131,1
5,1,1,0.6872,1
1,0,0,0.0693,0
0,3,1,0.4399,1
0,3,0,0.5594,1
1,0,0,0.2475,0
4,0,0,0.0592,0
3,1,0,0.2519,1
0,0,0,0.0888,0
1,2,2,0.3988,1
2,2,3,0.4113,1
1,2,2,0.85,1
0,2,1,0.1049,0
0,0,0,0.0194,0
2,4,0,0.6125,1
0,0,0,0.0207,0
2,1,2,0.157,0
0,0,0,0.25,0
0,4,3,0.75,1
1,0,0,0.071,0
1,1,1,0.1159,0
0,0,0,0.3399,0
2,2,2,0.7883,1
2,1,2,0.25,0
1,0,0,0.45,0
1,2,0,0.2368,0
2,3,3,0.3786,1
1,0,0,0.1267,0
1,2,1,0.6128,1
1,1,0,0.3619,0
0,0,0,0.0626,0
1,0,0,0.0286,0
1,2,1,0.6184,1
1,0,0,0.0829,0
3,5,0,0.5364,1
1,0,1,0.1389,0
1,0,0,0.1738,1
2,0,0,0.4044,0
2,0,0,0.0416,0
0,4,4,0.8834,1
1,1,2,0.4684,0
1,0,0,0.2774,0
3,3,1,0.2389,0
3,0,0,0.0393,0
3,1,0,0.45,0
1,1,0,0.3901,1
4,0,0,0.2148,0
1,1,1,0.1679,1
0,0,0,0.1191,0
0,0,0,0.1229,0
1,1,0,0.2645,0
1,3,3,0.6895,1
1,5,0,0.7868,1
3,0,0,0.45,0
2,0,1,0.2274,0
4,0,0,0.3165,0
1,4,2,0.617,1
4,0,0,0.0838,0
5,1,1,0.246,0
4,0,0,0.1873,1
0,3,1,0.7541,1
0,1,0,0.0699,0
1,0,0,0.3664,0
3,4,1,0.6258,1
2,4,1,0.1687,1
1,1,0,0.0921,1
3,7,3,0.3851,1
0,0,0,0.3251,1
1,6,3,0.6719,1
0,6,5,0.8986,1
2,2,2,0.5873,1
0,0,0,0.1385,1
0,4,0,0.4625,0
2,1,2,0.85,0
1,0,0,0.0392,0
1,1,1,0.7309,0
2,1,0,0.2664,1
1,4,1,0.85,1
1,5,2,0.8119,1
3,3,3,0.5269,1
1,0,0,0.0649,0
1,3,0,0.5051,1
0,4,2,0.5822,1
1,2,0,0.2272,0
2,1,0,0.2386,0
1,0,0,0.2131,0
0,2,2,0.8173,1
0,0,0,0.1689,0
1,1,1,0.55,1
2,0,1,0.2014,0
0,4,4,0.8832,1
0,2,2,0.7504,1
4,1,2,0.7168,1
1,1,0,0.1715,0
0,0,0,0.1325,0
0,5,5,0.7867,1
4,0,0,0.05,0
1,1,1,0.7182,0
0,0,0,0.0545,0
0,0,0,0.0374,0
3,0,1,0.17,0
1,1,0,0.6834,1
3,0,1,0.1176,0
2,0,0,0.162,0
0,2,2,0.5059,0
0,7,4,0.7393,1
1,1,2,0.1851,0
0,7,3,0.4719,1
3,0,0,0.05,1
2,1,0,0.55,0
2,0,0,0.1111,0
1,4,5,0.6169,1
2,4,0,0.5398,1
0,0,0,0.3118,0
0,0,0,0.2369,0
3,0,0,0.138,0
1,0,0,0.0151,0
3,2,2,0.6083,1
2,1,1,0.2964,0
4,0,0,0.2574,0
2,1,0,0.1034,0
1,1,1,0.492,0
7,0,2,0.0501,1
